Workbook

Sheet Sheet1
A1: date | B1: crude oil price | C1: MSPUS
A2: 23012 | B2: 2.97 | C2: {=INDEX(Sheet2!B$2:B$100, MATCH(A2, Sheet2!A$2:A$100, 1))} -> 17800
A3: 23043 | B3: 2.97 | C3: {=INDEX(Sheet2!B$2:B$100, MATCH(A3, Sheet2!A$2:A$100, 1))} -> 17800
A4: 23071 | B4: 2.97 | C4: {=INDEX(Sheet2!B$2:B$100, MATCH(A4, Sheet2!A$2:A$100, 1))} -> 17800
A5: 23102 | B5: 2.97 | C5: {=INDEX(Sheet2!B$2:B$100, MATCH(A5, Sheet2!A$2:A$100, 1))} -> 18000
A6: 23132 | B6: 2.97 | C6: {=INDEX(Sheet2!B$2:B$100, MATCH(A6, Sheet2!A$2:A$100, 1))} -> 18000
A7: 23163 | B7: 2.97 | C7: {=INDEX(Sheet2!B$2:B$100, MATCH(A7, Sheet2!A$2:A$100, 1))} -> 18000
A8: 23193 | B8: 2.97 | C8: {=INDEX(Sheet2!B$2:B$100, MATCH(A8, Sheet2!A$2:A$100, 1))} -> 17900
A9: 23224 | B9: 2.97 | C9: {=INDEX(Sheet2!B$2:B$100, MATCH(A9, Sheet2!A$2:A$100, 1))} -> 17900
A10: 23255 | B10: 2.97 | C10: {=INDEX(Sheet2!B$2:B$100, MATCH(A10, Sheet2!A$2:A$100, 1))} -> 17900
A11: 23285 | B11: 2.97 | C11: {=INDEX(Sheet2!B$2:B$100, MATCH(A11, Sheet2!A$2:A$100, 1))} -> 18500
A12: 23316 | B12: 2.97 | C12: {=INDEX(Sheet2!B$2:B$100, MATCH(A12, Sheet2!A$2:A$100, 1))} -> 18500
A13: 23346 | B13: 2.97 | C13: {=INDEX(Sheet2!B$2:B$100, MATCH(A13, Sheet2!A$2:A$100, 1))} -> 18500
... A704: 44378 | B704: 73.93 | C704: {=INDEX(Sheet2!B$2:B$100, MATCH(A704, Sheet2!A$2:A$100, 1))} -> 106000

Sheet Sheet2
A1: observation_date | B1: MSPUS
A2: 23012 | B2: 17800
A3: 23102 | B3: 18000
A4: 23193 | B4: 17900
A5: 23285 | B5: 18500
A6: 23377 | B6: 18500
A7: 23468 | B7: 18900
A8: 23559 | B8: 18900
A9: 23651 | B9: 19400
A10: 23743 | B10: 20200
A11: 23833 | B11: 19800
A12: 23924 | B12: 20200
A13: 24016 | B13: 20300
... A251: 45748 | B251: 410800
